<?xml version="1.0" encoding="utf-8"?>
<PlatformInfo>
	<Platform Name="Windows" BasePlatform="Windows" Generator="2022.1.0.7985"/>
	<RootPaths>
		<ProjectRoot>../../../../../../../Documents/WwiseProjects/ProjectEther</ProjectRoot>
		<SourceFilesRoot>../../../../../../../Documents/WwiseProjects/ProjectEther/.cache/Windows</SourceFilesRoot>
		<SoundBanksRoot>.</SoundBanksRoot>
		<ExternalSourcesInputFile></ExternalSourcesInputFile>
		<ExternalSourcesOutputRoot>../../../../../../../Documents/WwiseProjects/ProjectEther/GeneratedSoundBanks/Windows</ExternalSourcesOutputRoot>
	</RootPaths>
	<DefaultAlign>16</DefaultAlign>
	<Settings>
		<AutoSoundBankDefinition>false</AutoSoundBankDefinition>
		<CopyLooseStreamedMediaFiles>true</CopyLooseStreamedMediaFiles>
		<SubFoldersForGeneratedFiles>false</SubFoldersForGeneratedFiles>
		<RemoveUnusedGeneratedFiles>false</RemoveUnusedGeneratedFiles>
		<SourceControlGeneratedFiles>false</SourceControlGeneratedFiles>
		<GenerateHeaderFile>true</GenerateHeaderFile>
		<GenerateContentTxtFile>true</GenerateContentTxtFile>
		<GenerateMetadataXML>true</GenerateMetadataXML>
		<GenerateMetadataJSON>false</GenerateMetadataJSON>
		<GenerateAllBanksMetadata>true</GenerateAllBanksMetadata>
		<GeneratePerBankMetadata>false</GeneratePerBankMetadata>
		<UseSoundBankNames>true</UseSoundBankNames>
		<AllowExceedingMaxSize>false</AllowExceedingMaxSize>
		<MaxAttenuationInfo>true</MaxAttenuationInfo>
		<EstimatedDurationInfo>true</EstimatedDurationInfo>
		<PrintObjectGuid>false</PrintObjectGuid>
		<PrintObjectPath>false</PrintObjectPath>
	</Settings>
	<FileHash>{C02F7EDB-B57F-F06D-FD84-4379210A134E}</FileHash>
</PlatformInfo>
