<?xml version="1.0" encoding="utf-8"?>
<PlatformInfo>
	<Platform Name="Windows" BasePlatform="Windows" Generator="2022.1.0.8070"/>
	<RootPaths>
		<ProjectRoot>../..</ProjectRoot>
		<SourceFilesRoot>../../.cache/Windows</SourceFilesRoot>
		<SoundBanksRoot>.</SoundBanksRoot>
		<ExternalSourcesInputFile></ExternalSourcesInputFile>
		<ExternalSourcesOutputRoot>.</ExternalSourcesOutputRoot>
	</RootPaths>
	<DefaultAlign>16</DefaultAlign>
	<Settings>
		<AutoSoundBankDefinition>false</AutoSoundBankDefinition>
		<CopyLooseStreamedMediaFiles>true</CopyLooseStreamedMediaFiles>
		<SubFoldersForGeneratedFiles>false</SubFoldersForGeneratedFiles>
		<RemoveUnusedGeneratedFiles>false</RemoveUnusedGeneratedFiles>
		<SourceControlGeneratedFiles>false</SourceControlGeneratedFiles>
		<GenerateHeaderFile>true</GenerateHeaderFile>
		<GenerateContentTxtFile>true</GenerateContentTxtFile>
		<GenerateMetadataXML>true</GenerateMetadataXML>
		<GenerateMetadataJSON>false</GenerateMetadataJSON>
		<GenerateAllBanksMetadata>true</GenerateAllBanksMetadata>
		<GeneratePerBankMetadata>false</GeneratePerBankMetadata>
		<UseSoundBankNames>true</UseSoundBankNames>
		<AllowExceedingMaxSize>false</AllowExceedingMaxSize>
		<MaxAttenuationInfo>true</MaxAttenuationInfo>
		<EstimatedDurationInfo>true</EstimatedDurationInfo>
		<PrintObjectGuid>false</PrintObjectGuid>
		<PrintObjectPath>false</PrintObjectPath>
	</Settings>
	<FileHash>{5C0D9331-DCF3-29B7-EF97-498334909422}</FileHash>
</PlatformInfo>
