<?xml version="1.0" encoding="utf-8"?>
<PluginInfo Platform="Windows" BasePlatform="Windows">
	<PluginLibs>
		<PluginLib LibName="Wwise Parametric EQ" LibId="6881283" Type="Effect" DLL="AkParametricEQ" StaticLib="AkParametricEQFX"/>
		<PluginLib LibName="System" LibId="11403271" Type="AudioDevice"/>
		<PluginLib LibName="No Output" LibId="11862023" Type="AudioDevice"/>
		<PluginLib LibName="Wwise Motion" LibId="33226759" Type="AudioDevice" DLL="AkMotion" StaticLib="AkMotionSink"/>
	</PluginLibs>
	<FileHash>{950B87A0-C937-36ED-78FC-9C54036D2357}</FileHash>
</PluginInfo>
