<?xml version="1.0" encoding="utf-8"?>
<SoundBanksInfo Platform="Windows" BasePlatform="Windows" SchemaVersion="16" SoundBankVersion="145">
	<RootPaths>
		<ProjectRoot>../..</ProjectRoot>
		<SourceFilesRoot>../../.cache/Windows</SourceFilesRoot>
		<SoundBanksRoot>.</SoundBanksRoot>
		<ExternalSourcesInputFile></ExternalSourcesInputFile>
		<ExternalSourcesOutputRoot>.</ExternalSourcesOutputRoot>
	</RootPaths>
	<DialogueEvents/>
	<SoundBanks>
		<SoundBank Id="152968626" Type="User" Language="SFX" Hash="{5FAA947D-F82F-65A9-EF64-F1A6FFCB836F}">
			<ShortName>SB_Main</ShortName>
			<Path>SB_Main.bnk</Path>
			<Media>
				<File Id="14464977" Language="SFX" Streaming="false" Location="Memory">
					<ShortName>MainMenu.wav</ShortName>
					<CachePath>SFX/MainMenu_D79FB2B7.wem</CachePath>
				</File>
				<File Id="57408676" Language="SFX" Streaming="false" Location="Memory">
					<ShortName>PauseMenu.wav</ShortName>
					<CachePath>SFX/PauseMenu_D79FB2B7.wem</CachePath>
				</File>
				<File Id="324332427" Language="SFX" Streaming="false" Location="Memory">
					<ShortName>mixkit-short-laser-gun-shot-1670.wav</ShortName>
					<CachePath>SFX/mixkit-short-laser-gun-shot-1670_10C4C929.wem</CachePath>
				</File>
				<File Id="487548086" Language="SFX" Streaming="false" Location="Memory">
					<ShortName>mag-reload-81594.wav</ShortName>
					<CachePath>SFX/mag-reload-81594_9A0A74EC.wem</CachePath>
				</File>
				<File Id="821363666" Language="SFX" Streaming="false" Location="Memory">
					<ShortName>rifle-clip-empty-98832.wav</ShortName>
					<CachePath>SFX/rifle-clip-empty-98832_0E2E5CFB.wem</CachePath>
				</File>
			</Media>
			<Plugins>
				<ShareSets>
					<Plugin Id="1008402193" Name="Low_Pass_20KHz" LibName="Wwise Parametric EQ" LibId="6881283"/>
				</ShareSets>
			</Plugins>
			<Events>
				<Event Id="1095758322" Name="EmptyGun" DurationType="OneShot" DurationMin="0.53149796" DurationMax="0.53149796">
					<MediaRefs>
						<MediaRef Id="821363666"/>
					</MediaRefs>
				</Event>
				<Event Id="1287408361" Name="GunShot" DurationType="OneShot" DurationMin="0.9249887" DurationMax="0.9249887">
					<MediaRefs>
						<MediaRef Id="324332427"/>
					</MediaRefs>
				</Event>
				<Event Id="347371133" Name="Play_Sound_Main" DurationType="Infinite">
					<SwitchContainers>
						<SwitchContainer>
							<SwitchValue GroupType="State" GroupId="3813552729" Id="3604647259"/>
							<MediaRefs>
								<MediaRef Id="14464977"/>
							</MediaRefs>
						</SwitchContainer>
						<SwitchContainer>
							<SwitchValue GroupType="State" GroupId="3813552729" Id="3494343696"/>
							<MediaRefs>
								<MediaRef Id="57408676"/>
							</MediaRefs>
						</SwitchContainer>
					</SwitchContainers>
				</Event>
				<Event Id="456382354" Name="Reload" DurationType="OneShot" DurationMin="1.600128" DurationMax="1.600128">
					<MediaRefs>
						<MediaRef Id="487548086"/>
					</MediaRefs>
					<PluginRefs>
						<ShareSets>
							<PluginRef Id="1008402193"/>
						</ShareSets>
					</PluginRefs>
				</Event>
				<Event Id="3284699527" Name="Stop_Sound_Main" MaxAttenuation="0" DurationType="OneShot" DurationMin="0" DurationMax="0"/>
			</Events>
			<StateGroups>
				<StateGroup Id="3813552729" Name="SoundState">
					<States>
						<State Id="748895195" Name="None"/>
						<State Id="3494343696" Name="PauseMenu"/>
						<State Id="3604647259" Name="MainMenu"/>
					</States>
				</StateGroup>
			</StateGroups>
		</SoundBank>
		<SoundBank Id="1355168291" Type="User" Language="SFX" Hash="{10D34C33-FC40-4794-EADD-A61521FD0EF9}">
			<ShortName>Init</ShortName>
			<Path>Init.bnk</Path>
			<Plugins>
				<AudioDevices>
					<Plugin Id="2317455096" Name="No_Output" LibName="No Output" LibId="11862023"/>
					<Plugin Id="3859886410" Name="System" LibName="System" LibId="11403271"/>
					<Plugin Id="4230635974" Name="Default_Motion_Device" LibName="Wwise Motion" LibId="33226759"/>
				</AudioDevices>
			</Plugins>
			<Busses>
				<Bus Id="1069811801" Name="Audio"/>
				<Bus Id="4157353401" Name="Master Audio"/>
			</Busses>
			<GameParameters>
				<GameParameter Id="796049864" Name="RPM"/>
				<GameParameter Id="822163944" Name="SS_Air_RPM"/>
				<GameParameter Id="1029930033" Name="SS_Air_Fury"/>
				<GameParameter Id="1351367891" Name="SS_Air_Fear"/>
				<GameParameter Id="1524500807" Name="Playback_Rate"/>
				<GameParameter Id="2648548617" Name="SS_Air_Month"/>
				<GameParameter Id="3002758120" Name="SS_Air_Freefall"/>
				<GameParameter Id="3074696722" Name="SS_Air_Size"/>
				<GameParameter Id="3203397129" Name="SS_Air_TimeOfDay"/>
				<GameParameter Id="3715662592" Name="SS_Air_Storm"/>
				<GameParameter Id="3847924954" Name="SS_Air_Presence"/>
				<GameParameter Id="4160247818" Name="SS_Air_Turbulence"/>
			</GameParameters>
			<StateGroups>
				<StateGroup Id="3813552729" Name="SoundState">
					<States>
						<State Id="748895195" Name="None"/>
						<State Id="3494343696" Name="PauseMenu"/>
						<State Id="3604647259" Name="MainMenu"/>
					</States>
				</StateGroup>
				<StateGroup Id="4091656514" Name="GameState">
					<States>
						<State Id="748895195" Name="None"/>
						<State Id="3494343696" Name="PauseMenu"/>
						<State Id="3604647259" Name="MainMenu"/>
					</States>
				</StateGroup>
			</StateGroups>
			<AcousticTextures>
				<AcousticTexture Id="504532776" Name="Brick">
					<Properties>
						<Property Name="AbsorptionLow" Type="Real32" Value="12"/>
						<Property Name="AbsorptionMidLow" Type="Real32" Value="18"/>
						<Property Name="AbsorptionMidHigh" Type="Real32" Value="23"/>
						<Property Name="AbsorptionHigh" Type="Real32" Value="35"/>
					</Properties>
				</AcousticTexture>
				<AcousticTexture Id="513139656" Name="Mountain">
					<Properties>
						<Property Name="AbsorptionLow" Type="Real32" Value="0"/>
						<Property Name="AbsorptionMidLow" Type="Real32" Value="0"/>
						<Property Name="AbsorptionMidHigh" Type="Real32" Value="0"/>
						<Property Name="AbsorptionHigh" Type="Real32" Value="0"/>
					</Properties>
				</AcousticTexture>
				<AcousticTexture Id="841620460" Name="Concrete">
					<Properties>
						<Property Name="AbsorptionLow" Type="Real32" Value="6"/>
						<Property Name="AbsorptionMidLow" Type="Real32" Value="6"/>
						<Property Name="AbsorptionMidHigh" Type="Real32" Value="6"/>
						<Property Name="AbsorptionHigh" Type="Real32" Value="14"/>
					</Properties>
				</AcousticTexture>
				<AcousticTexture Id="1755085759" Name="Wood_Deep">
					<Properties>
						<Property Name="AbsorptionLow" Type="Real32" Value="1"/>
						<Property Name="AbsorptionMidLow" Type="Real32" Value="8"/>
						<Property Name="AbsorptionMidHigh" Type="Real32" Value="20"/>
						<Property Name="AbsorptionHigh" Type="Real32" Value="35"/>
					</Properties>
				</AcousticTexture>
				<AcousticTexture Id="1873957695" Name="Anechoic">
					<Properties>
						<Property Name="AbsorptionLow" Type="Real32" Value="100"/>
						<Property Name="AbsorptionMidLow" Type="Real32" Value="100"/>
						<Property Name="AbsorptionMidHigh" Type="Real32" Value="100"/>
						<Property Name="AbsorptionHigh" Type="Real32" Value="100"/>
					</Properties>
				</AcousticTexture>
				<AcousticTexture Id="1970351858" Name="Fabric">
					<Properties>
						<Property Name="AbsorptionLow" Type="Real32" Value="3"/>
						<Property Name="AbsorptionMidLow" Type="Real32" Value="13"/>
						<Property Name="AbsorptionMidHigh" Type="Real32" Value="48"/>
						<Property Name="AbsorptionHigh" Type="Real32" Value="72"/>
					</Properties>
				</AcousticTexture>
				<AcousticTexture Id="2058049674" Name="Wood">
					<Properties>
						<Property Name="AbsorptionLow" Type="Real32" Value="32"/>
						<Property Name="AbsorptionMidLow" Type="Real32" Value="25"/>
						<Property Name="AbsorptionMidHigh" Type="Real32" Value="20"/>
						<Property Name="AbsorptionHigh" Type="Real32" Value="35"/>
					</Properties>
				</AcousticTexture>
				<AcousticTexture Id="2412606308" Name="Carpet">
					<Properties>
						<Property Name="AbsorptionLow" Type="Real32" Value="46"/>
						<Property Name="AbsorptionMidLow" Type="Real32" Value="45"/>
						<Property Name="AbsorptionMidHigh" Type="Real32" Value="76"/>
						<Property Name="AbsorptionHigh" Type="Real32" Value="100"/>
					</Properties>
				</AcousticTexture>
				<AcousticTexture Id="2637588553" Name="Tile">
					<Properties>
						<Property Name="AbsorptionLow" Type="Real32" Value="67"/>
						<Property Name="AbsorptionMidLow" Type="Real32" Value="41"/>
						<Property Name="AbsorptionMidHigh" Type="Real32" Value="12"/>
						<Property Name="AbsorptionHigh" Type="Real32" Value="0"/>
					</Properties>
				</AcousticTexture>
				<AcousticTexture Id="2928161104" Name="Curtains">
					<Properties>
						<Property Name="AbsorptionLow" Type="Real32" Value="7"/>
						<Property Name="AbsorptionMidLow" Type="Real32" Value="60"/>
						<Property Name="AbsorptionMidHigh" Type="Real32" Value="0"/>
						<Property Name="AbsorptionHigh" Type="Real32" Value="84"/>
					</Properties>
				</AcousticTexture>
				<AcousticTexture Id="3195498748" Name="Cork_Tiles">
					<Properties>
						<Property Name="AbsorptionLow" Type="Real32" Value="14"/>
						<Property Name="AbsorptionMidLow" Type="Real32" Value="30"/>
						<Property Name="AbsorptionMidHigh" Type="Real32" Value="73"/>
						<Property Name="AbsorptionHigh" Type="Real32" Value="100"/>
					</Properties>
				</AcousticTexture>
				<AcousticTexture Id="3670307564" Name="Drywall">
					<Properties>
						<Property Name="AbsorptionLow" Type="Real32" Value="2"/>
						<Property Name="AbsorptionMidLow" Type="Real32" Value="2"/>
						<Property Name="AbsorptionMidHigh" Type="Real32" Value="2"/>
						<Property Name="AbsorptionHigh" Type="Real32" Value="2"/>
					</Properties>
				</AcousticTexture>
				<AcousticTexture Id="4168643977" Name="Acoustic_Banner">
					<Properties>
						<Property Name="AbsorptionLow" Type="Real32" Value="37"/>
						<Property Name="AbsorptionMidLow" Type="Real32" Value="100"/>
						<Property Name="AbsorptionMidHigh" Type="Real32" Value="100"/>
						<Property Name="AbsorptionHigh" Type="Real32" Value="100"/>
					</Properties>
				</AcousticTexture>
				<AcousticTexture Id="4262522749" Name="Wood_Bright">
					<Properties>
						<Property Name="AbsorptionLow" Type="Real32" Value="32"/>
						<Property Name="AbsorptionMidLow" Type="Real32" Value="25"/>
						<Property Name="AbsorptionMidHigh" Type="Real32" Value="10"/>
						<Property Name="AbsorptionHigh" Type="Real32" Value="9"/>
					</Properties>
				</AcousticTexture>
			</AcousticTextures>
		</SoundBank>
	</SoundBanks>
	<FileHash>{E387D944-5653-E3A3-89D9-A65ED41F09DE}</FileHash>
</SoundBanksInfo>
