<?xml version="1.0" encoding="utf-8"?>
<ProjectInfo>
	<Project Name="ProjectEther" GUID="{241D8640-6248-474B-9A99-7C2D356D2A1C}" Generator="2022.1.0.7985"/>
	<CacheRoot>../../../../../../../Documents/WwiseProjects/ProjectEther/.cache</CacheRoot>
	<Platforms>
		<Platform Name="Windows" GUID="{C3024886-BD1E-42DD-8CA3-47D5A28E75B5}" BasePlatform="Windows" BasePlatformGUID="{6E0CB257-C6C8-4C5C-8366-2740DFC441EB}" Path="../../../../../../../Documents/WwiseProjects/ProjectEther/GeneratedSoundBanks/Windows"/>
	</Platforms>
	<Languages>
		<Language Name="English(US)" Id="684519430" GUID="{B75EDB69-CB0E-490B-B800-BBAE62E7FA7B}" Default="true" UseAsStandIn="true"/>
	</Languages>
	<FileHash>{D05C2C75-2FDA-7D3B-09CA-5E79D54020E2}</FileHash>
</ProjectInfo>
